A;RO;RO;TOTAL_LEN_RAIL_LINE;2013;10768;e;This is a comment, This is another comment
A;RO;RO;TOTAL_LEN_RAIL_LINE;2014;10777;;This is a comment, This is another comment
A;RO;RO;TOTAL_LEN_RAIL_LINE;2015;10770;;This is a comment, This is another comment
A;RO;RO;TOTAL_LEN_RAIL_LINE;2016;10774;;This is a comment, This is another comment
A;RO;RO;TOTAL_LEN_RAIL_LINE;2017;10774;;This is a comment, This is another comment
A;RO;RO1;TOTAL_LEN_RAIL_LINE;2013;2997;b;This is a comment, This is another comment
A;RO;RO1;TOTAL_LEN_RAIL_LINE;2014;3001;;This is a comment, This is another comment
A;RO;RO1;TOTAL_LEN_RAIL_LINE;2015;2997;;This is a comment, This is another comment
A;RO;RO1;TOTAL_LEN_RAIL_LINE;2016;3001;;This is a comment, This is another comment
A;RO;RO1;TOTAL_LEN_RAIL_LINE;2017;3001;;This is a comment, This is another comment
A;RO;RO11;TOTAL_LEN_RAIL_LINE;2013;1668;p;This is a comment, This is another comment
A;RO;RO11;TOTAL_LEN_RAIL_LINE;2014;1668;;This is a comment, This is another comment
A;RO;RO11;TOTAL_LEN_RAIL_LINE;2015;1668;;This is a comment, This is another comment
A;RO;RO11;TOTAL_LEN_RAIL_LINE;2016;1668;;This is a comment, This is another comment
A;RO;RO11;TOTAL_LEN_RAIL_LINE;2017;1668;;This is a comment, This is another comment
A;RO;RO12;TOTAL_LEN_RAIL_LINE;2013;1329;;This is a comment, This is another comment
A;RO;RO12;TOTAL_LEN_RAIL_LINE;2014;1333;;This is a comment, This is another comment
A;RO;RO12;TOTAL_LEN_RAIL_LINE;2015;1329;;This is a comment, This is another comment
A;RO;RO12;TOTAL_LEN_RAIL_LINE;2016;1333;;This is a comment, This is another comment
A;RO;RO12;TOTAL_LEN_RAIL_LINE;2017;1333;;This is a comment, This is another comment
A;RO;RO2;TOTAL_LEN_RAIL_LINE;2013;3365;;This is a comment, This is another comment
A;RO;RO2;TOTAL_LEN_RAIL_LINE;2014;3368;;This is a comment, This is another comment
A;RO;RO2;TOTAL_LEN_RAIL_LINE;2015;3365;;This is a comment, This is another comment
A;RO;RO2;TOTAL_LEN_RAIL_LINE;2016;3369;;This is a comment, This is another comment
A;RO;RO2;TOTAL_LEN_RAIL_LINE;2017;3369;;This is a comment, This is another comment
A;RO;RO21;TOTAL_LEN_RAIL_LINE;2013;1620;;This is a comment, This is another comment
A;RO;RO21;TOTAL_LEN_RAIL_LINE;2014;1621;;This is a comment, This is another comment
A;RO;RO21;TOTAL_LEN_RAIL_LINE;2015;1620;;This is a comment, This is another comment
A;RO;RO21;TOTAL_LEN_RAIL_LINE;2016;1621;;This is a comment, This is another comment
A;RO;RO21;TOTAL_LEN_RAIL_LINE;2017;1621;;This is a comment, This is another comment
A;RO;RO22;TOTAL_LEN_RAIL_LINE;2013;1745;;This is a comment, This is another comment
A;RO;RO22;TOTAL_LEN_RAIL_LINE;2014;1747;;This is a comment, This is another comment
A;RO;RO22;TOTAL_LEN_RAIL_LINE;2015;1745;;This is a comment, This is another comment
A;RO;RO22;TOTAL_LEN_RAIL_LINE;2016;1748;;This is a comment, This is another comment
A;RO;RO22;TOTAL_LEN_RAIL_LINE;2017;1748;;This is a comment, This is another comment
A;RO;RO3;TOTAL_LEN_RAIL_LINE;2013;1530;;This is a comment, This is another comment
A;RO;RO3;TOTAL_LEN_RAIL_LINE;2014;1530;;This is a comment, This is another comment
A;RO;RO3;TOTAL_LEN_RAIL_LINE;2015;1530;;This is a comment, This is another comment
A;RO;RO3;TOTAL_LEN_RAIL_LINE;2016;1526;;This is a comment, This is another comment
A;RO;RO3;TOTAL_LEN_RAIL_LINE;2017;1526;;This is a comment, This is another comment
A;RO;RO31;TOTAL_LEN_RAIL_LINE;2013;1251;;This is a comment, This is another comment
A;RO;RO31;TOTAL_LEN_RAIL_LINE;2014;1251;;This is a comment, This is another comment
A;RO;RO31;TOTAL_LEN_RAIL_LINE;2015;1251;;This is a comment, This is another comment
A;RO;RO31;TOTAL_LEN_RAIL_LINE;2016;1247;;This is a comment, This is another comment
A;RO;RO31;TOTAL_LEN_RAIL_LINE;2017;1247;;This is a comment, This is another comment
A;RO;RO32;TOTAL_LEN_RAIL_LINE;2013;279;;This is a comment, This is another comment
A;RO;RO32;TOTAL_LEN_RAIL_LINE;2014;279;;This is a comment, This is another comment
A;RO;RO32;TOTAL_LEN_RAIL_LINE;2015;279;;This is a comment, This is another comment
A;RO;RO32;TOTAL_LEN_RAIL_LINE;2016;279;;This is a comment, This is another comment
A;RO;RO32;TOTAL_LEN_RAIL_LINE;2017;279;;This is a comment, This is another comment
A;RO;RO4;TOTAL_LEN_RAIL_LINE;2013;2876;;This is a comment, This is another comment
A;RO;RO4;TOTAL_LEN_RAIL_LINE;2014;2878;;This is a comment, This is another comment
A;RO;RO4;TOTAL_LEN_RAIL_LINE;2015;2878;;This is a comment, This is another comment
A;RO;RO4;TOTAL_LEN_RAIL_LINE;2016;2878;;This is a comment, This is another comment
A;RO;RO4;TOTAL_LEN_RAIL_LINE;2017;2878;;This is a comment, This is another comment
A;RO;RO41;TOTAL_LEN_RAIL_LINE;2013;988;;This is a comment, This is another comment
A;RO;RO41;TOTAL_LEN_RAIL_LINE;2014;990;;This is a comment, This is another comment
A;RO;RO41;TOTAL_LEN_RAIL_LINE;2015;990;;This is a comment, This is another comment
A;RO;RO41;TOTAL_LEN_RAIL_LINE;2016;990;;This is a comment, This is another comment
A;RO;RO41;TOTAL_LEN_RAIL_LINE;2017;990;;This is a comment, This is another comment
A;RO;RO42;TOTAL_LEN_RAIL_LINE;2013;1888;;This is a comment, This is another comment
A;RO;RO42;TOTAL_LEN_RAIL_LINE;2014;1888;;This is a comment, This is another comment
A;RO;RO42;TOTAL_LEN_RAIL_LINE;2015;1888;;This is a comment, This is another comment
A;RO;RO42;TOTAL_LEN_RAIL_LINE;2016;1888;;This is a comment, This is another comment
A;RO;RO42;TOTAL_LEN_RAIL_LINE;2017;1888;;This is a comment, This is another comment
A;RO;RO;ELEC_RAILWAY_LINE;2013;4029;;
A;RO;RO;ELEC_RAILWAY_LINE;2014;4029;;
A;RO;RO;ELEC_RAILWAY_LINE;2015;4030;;
A;RO;RO;ELEC_RAILWAY_LINE;2016;4030;;
A;RO;RO;ELEC_RAILWAY_LINE;2017;4030;;
A;RO;RO1;ELEC_RAILWAY_LINE;2013;978;;
A;RO;RO1;ELEC_RAILWAY_LINE;2014;978;;
A;RO;RO1;ELEC_RAILWAY_LINE;2015;978;;
A;RO;RO1;ELEC_RAILWAY_LINE;2016;978;;
A;RO;RO1;ELEC_RAILWAY_LINE;2017;978;;
A;RO;RO11;ELEC_RAILWAY_LINE;2013;312;;
A;RO;RO11;ELEC_RAILWAY_LINE;2014;312;;
A;RO;RO11;ELEC_RAILWAY_LINE;2015;312;;
A;RO;RO11;ELEC_RAILWAY_LINE;2016;312;;
A;RO;RO11;ELEC_RAILWAY_LINE;2017;312;;
A;RO;RO12;ELEC_RAILWAY_LINE;2013;666;;
A;RO;RO12;ELEC_RAILWAY_LINE;2014;666;;
A;RO;RO12;ELEC_RAILWAY_LINE;2015;666;;
A;RO;RO12;ELEC_RAILWAY_LINE;2016;666;;
A;RO;RO12;ELEC_RAILWAY_LINE;2017;666;;
A;RO;RO2;ELEC_RAILWAY_LINE;2013;1185;;
A;RO;RO2;ELEC_RAILWAY_LINE;2014;1185;;
A;RO;RO2;ELEC_RAILWAY_LINE;2015;1185;;
A;RO;RO2;ELEC_RAILWAY_LINE;2016;1185;;
A;RO;RO2;ELEC_RAILWAY_LINE;2017;1185;;
A;RO;RO21;ELEC_RAILWAY_LINE;2013;663;;
A;RO;RO21;ELEC_RAILWAY_LINE;2014;663;;
A;RO;RO21;ELEC_RAILWAY_LINE;2015;663;;
A;RO;RO21;ELEC_RAILWAY_LINE;2016;663;;
A;RO;RO21;ELEC_RAILWAY_LINE;2017;663;;
A;RO;RO22;ELEC_RAILWAY_LINE;2013;522;;
A;RO;RO22;ELEC_RAILWAY_LINE;2014;522;;
A;RO;RO22;ELEC_RAILWAY_LINE;2015;522;;
A;RO;RO22;ELEC_RAILWAY_LINE;2016;522;;
A;RO;RO22;ELEC_RAILWAY_LINE;2017;522;;
A;RO;RO3;ELEC_RAILWAY_LINE;2013;710;;
A;RO;RO3;ELEC_RAILWAY_LINE;2014;710;;
A;RO;RO3;ELEC_RAILWAY_LINE;2015;710;;
A;RO;RO3;ELEC_RAILWAY_LINE;2016;710;;
A;RO;RO3;ELEC_RAILWAY_LINE;2017;710;;
A;RO;RO31;ELEC_RAILWAY_LINE;2013;451;;
A;RO;RO31;ELEC_RAILWAY_LINE;2014;451;;
A;RO;RO31;ELEC_RAILWAY_LINE;2015;451;;
A;RO;RO31;ELEC_RAILWAY_LINE;2016;451;;
A;RO;RO31;ELEC_RAILWAY_LINE;2017;451;;
A;RO;RO32;ELEC_RAILWAY_LINE;2013;259;;
A;RO;RO32;ELEC_RAILWAY_LINE;2014;259;;
A;RO;RO32;ELEC_RAILWAY_LINE;2015;259;;
A;RO;RO32;ELEC_RAILWAY_LINE;2016;259;;
A;RO;RO32;ELEC_RAILWAY_LINE;2017;259;;
A;RO;RO4;ELEC_RAILWAY_LINE;2013;1156;;
A;RO;RO4;ELEC_RAILWAY_LINE;2014;1156;;
A;RO;RO4;ELEC_RAILWAY_LINE;2015;1157;;
A;RO;RO4;ELEC_RAILWAY_LINE;2016;1157;;
A;RO;RO4;ELEC_RAILWAY_LINE;2017;1157;;
A;RO;RO41;ELEC_RAILWAY_LINE;2013;507;;
A;RO;RO41;ELEC_RAILWAY_LINE;2014;507;;
A;RO;RO41;ELEC_RAILWAY_LINE;2015;507;;
A;RO;RO41;ELEC_RAILWAY_LINE;2016;507;;
A;RO;RO41;ELEC_RAILWAY_LINE;2017;507;;
A;RO;RO42;ELEC_RAILWAY_LINE;2013;649;;
A;RO;RO42;ELEC_RAILWAY_LINE;2014;649;;
A;RO;RO42;ELEC_RAILWAY_LINE;2015;650;;
A;RO;RO42;ELEC_RAILWAY_LINE;2016;650;;
A;RO;RO42;ELEC_RAILWAY_LINE;2017;650;;
A;RO;RO;MOTORWAY;2013;644;;
A;RO;RO;MOTORWAY;2014;683;;
A;RO;RO;MOTORWAY;2015;747;;
A;RO;RO;MOTORWAY;2016;747;;
A;RO;RO;MOTORWAY;2017;747;;
A;RO;RO1;MOTORWAY;2013;107;;
A;RO;RO1;MOTORWAY;2014;145;;
A;RO;RO1;MOTORWAY;2015;145;;
A;RO;RO1;MOTORWAY;2016;145;;
A;RO;RO1;MOTORWAY;2017;145;;
A;RO;RO11;MOTORWAY;2013;52;;
A;RO;RO11;MOTORWAY;2014;52;;
A;RO;RO11;MOTORWAY;2015;52;;
A;RO;RO11;MOTORWAY;2016;52;;
A;RO;RO11;MOTORWAY;2017;52;;
A;RO;RO12;MOTORWAY;2013;55;;
A;RO;RO12;MOTORWAY;2014;93;;
A;RO;RO12;MOTORWAY;2015;93;;
A;RO;RO12;MOTORWAY;2016;93;;
A;RO;RO12;MOTORWAY;2017;93;;
A;RO;RO2;MOTORWAY;2013;74;;
A;RO;RO2;MOTORWAY;2014;74;;
A;RO;RO2;MOTORWAY;2015;74;;
A;RO;RO2;MOTORWAY;2016;74;;
A;RO;RO2;MOTORWAY;2017;74;;
A;RO;RO21;MOTORWAY;2013;0;;
A;RO;RO21;MOTORWAY;2014;0;;
A;RO;RO21;MOTORWAY;2015;0;;
A;RO;RO21;MOTORWAY;2016;0;;
A;RO;RO21;MOTORWAY;2017;0;;
A;RO;RO22;MOTORWAY;2013;74;;
A;RO;RO22;MOTORWAY;2014;74;;
A;RO;RO22;MOTORWAY;2015;74;;
A;RO;RO22;MOTORWAY;2016;74;;
A;RO;RO22;MOTORWAY;2017;74;;
A;RO;RO3;MOTORWAY;2013;333;;
A;RO;RO3;MOTORWAY;2014;333;;
A;RO;RO3;MOTORWAY;2015;333;;
A;RO;RO3;MOTORWAY;2016;333;;
A;RO;RO3;MOTORWAY;2017;333;;
A;RO;RO31;MOTORWAY;2013;258;;
A;RO;RO31;MOTORWAY;2014;258;;
A;RO;RO31;MOTORWAY;2015;258;;
A;RO;RO31;MOTORWAY;2016;258;;
A;RO;RO31;MOTORWAY;2017;258;;
A;RO;RO32;MOTORWAY;2013;75;;
A;RO;RO32;MOTORWAY;2014;75;;
A;RO;RO32;MOTORWAY;2015;75;;
A;RO;RO32;MOTORWAY;2016;75;;
A;RO;RO32;MOTORWAY;2017;75;;
A;RO;RO4;MOTORWAY;2013;130;;
A;RO;RO4;MOTORWAY;2014;131;;
A;RO;RO4;MOTORWAY;2015;195;;
A;RO;RO4;MOTORWAY;2016;195;;
A;RO;RO4;MOTORWAY;2017;195;;
A;RO;RO41;MOTORWAY;2013;0;;
A;RO;RO41;MOTORWAY;2014;0;;
A;RO;RO41;MOTORWAY;2015;0;;
A;RO;RO41;MOTORWAY;2016;0;;
A;RO;RO41;MOTORWAY;2017;0;;
A;RO;RO42;MOTORWAY;2013;130;;
A;RO;RO42;MOTORWAY;2014;131;;
A;RO;RO42;MOTORWAY;2015;195;;
A;RO;RO42;MOTORWAY;2016;195;;
A;RO;RO42;MOTORWAY;2017;195;;
A;RO;RO;OTHER_ROAD;2013;84065;;
A;RO;RO;OTHER_ROAD;2014;84501;;
A;RO;RO;OTHER_ROAD;2015;85173;;
A;RO;RO;OTHER_ROAD;2016;85333;;
A;RO;RO;OTHER_ROAD;2017;85333;;
A;RO;RO1;OTHER_ROAD;2013;23913;;
A;RO;RO1;OTHER_ROAD;2014;23849;;
A;RO;RO1;OTHER_ROAD;2015;23890;;
A;RO;RO1;OTHER_ROAD;2016;23991;;
A;RO;RO1;OTHER_ROAD;2017;23991;;
A;RO;RO11;OTHER_ROAD;2013;12673;;
A;RO;RO11;OTHER_ROAD;2014;12635;;
A;RO;RO11;OTHER_ROAD;2015;12627;;
A;RO;RO11;OTHER_ROAD;2016;12626;;
A;RO;RO11;OTHER_ROAD;2017;12626;;
A;RO;RO12;OTHER_ROAD;2013;11240;;
A;RO;RO12;OTHER_ROAD;2014;11214;;
A;RO;RO12;OTHER_ROAD;2015;11263;;
A;RO;RO12;OTHER_ROAD;2016;11365;;
A;RO;RO12;OTHER_ROAD;2017;11365;;
A;RO;RO2;OTHER_ROAD;2013;24953;;
A;RO;RO2;OTHER_ROAD;2014;25409;;
A;RO;RO2;OTHER_ROAD;2015;25739;;
A;RO;RO2;OTHER_ROAD;2016;25728;;
A;RO;RO2;OTHER_ROAD;2017;25728;;
A;RO;RO21;OTHER_ROAD;2013;14101;;
A;RO;RO21;OTHER_ROAD;2014;14533;;
A;RO;RO21;OTHER_ROAD;2015;14840;;
A;RO;RO21;OTHER_ROAD;2016;14830;;
A;RO;RO21;OTHER_ROAD;2017;14830;;
A;RO;RO22;OTHER_ROAD;2013;10852;;
A;RO;RO22;OTHER_ROAD;2014;10876;;
A;RO;RO22;OTHER_ROAD;2015;10899;;
A;RO;RO22;OTHER_ROAD;2016;10898;;
A;RO;RO22;OTHER_ROAD;2017;10898;;
A;RO;RO3;OTHER_ROAD;2013;13394;;
A;RO;RO3;OTHER_ROAD;2014;13401;;
A;RO;RO3;OTHER_ROAD;2015;13484;;
A;RO;RO3;OTHER_ROAD;2016;13481;;
A;RO;RO3;OTHER_ROAD;2017;13481;;
A;RO;RO31;OTHER_ROAD;2013;12574;;
A;RO;RO31;OTHER_ROAD;2014;12598;;
A;RO;RO31;OTHER_ROAD;2015;12681;;
A;RO;RO31;OTHER_ROAD;2016;12682;;
A;RO;RO31;OTHER_ROAD;2017;12682;;
A;RO;RO32;OTHER_ROAD;2013;820;;
A;RO;RO32;OTHER_ROAD;2014;803;;
A;RO;RO32;OTHER_ROAD;2015;803;;
A;RO;RO32;OTHER_ROAD;2016;799;;
A;RO;RO32;OTHER_ROAD;2017;799;;
A;RO;RO4;OTHER_ROAD;2013;21805;;
A;RO;RO4;OTHER_ROAD;2014;21842;;
A;RO;RO4;OTHER_ROAD;2015;22060;;
A;RO;RO4;OTHER_ROAD;2016;22133;;
A;RO;RO4;OTHER_ROAD;2017;22133;;
A;RO;RO41;OTHER_ROAD;2013;11228;;
A;RO;RO41;OTHER_ROAD;2014;11246;;
A;RO;RO41;OTHER_ROAD;2015;11254;;
A;RO;RO41;OTHER_ROAD;2016;11287;;
A;RO;RO41;OTHER_ROAD;2017;11287;;
A;RO;RO42;OTHER_ROAD;2013;10577;;
A;RO;RO42;OTHER_ROAD;2014;10596;;
A;RO;RO42;OTHER_ROAD;2015;10806;;
A;RO;RO42;OTHER_ROAD;2016;10846;;
A;RO;RO42;OTHER_ROAD;2017;10846;;
A;RO;RO;NAVIGABLE_CANAL;2013;132;;
A;RO;RO;NAVIGABLE_CANAL;2014;132;;
A;RO;RO;NAVIGABLE_CANAL;2015;132;;
A;RO;RO;NAVIGABLE_CANAL;2016;132;;
A;RO;RO;NAVIGABLE_CANAL;2017;132;;
A;RO;RO1;NAVIGABLE_CANAL;2013;0;;
A;RO;RO1;NAVIGABLE_CANAL;2014;0;;
A;RO;RO1;NAVIGABLE_CANAL;2015;0;;
A;RO;RO1;NAVIGABLE_CANAL;2016;0;;
A;RO;RO1;NAVIGABLE_CANAL;2017;0;;
A;RO;RO11;NAVIGABLE_CANAL;2013;0;;
A;RO;RO11;NAVIGABLE_CANAL;2014;0;;
A;RO;RO11;NAVIGABLE_CANAL;2015;0;;
A;RO;RO11;NAVIGABLE_CANAL;2016;0;;
A;RO;RO11;NAVIGABLE_CANAL;2017;0;;
A;RO;RO12;NAVIGABLE_CANAL;2013;0;;
A;RO;RO12;NAVIGABLE_CANAL;2014;0;;
A;RO;RO12;NAVIGABLE_CANAL;2015;0;;
A;RO;RO12;NAVIGABLE_CANAL;2016;0;;
A;RO;RO12;NAVIGABLE_CANAL;2017;0;;
A;RO;RO2;NAVIGABLE_CANAL;2013;92;;
A;RO;RO2;NAVIGABLE_CANAL;2014;92;;
A;RO;RO2;NAVIGABLE_CANAL;2015;92;;
A;RO;RO2;NAVIGABLE_CANAL;2016;92;;
A;RO;RO2;NAVIGABLE_CANAL;2017;92;;
A;RO;RO21;NAVIGABLE_CANAL;2013;0;;
A;RO;RO21;NAVIGABLE_CANAL;2014;0;;
A;RO;RO21;NAVIGABLE_CANAL;2015;0;;
A;RO;RO21;NAVIGABLE_CANAL;2016;0;;
A;RO;RO21;NAVIGABLE_CANAL;2017;0;;
A;RO;RO22;NAVIGABLE_CANAL;2013;92;;
A;RO;RO22;NAVIGABLE_CANAL;2014;92;;
A;RO;RO22;NAVIGABLE_CANAL;2015;92;;
A;RO;RO22;NAVIGABLE_CANAL;2016;92;;
A;RO;RO22;NAVIGABLE_CANAL;2017;92;;
A;RO;RO3;NAVIGABLE_CANAL;2013;0;;
A;RO;RO3;NAVIGABLE_CANAL;2014;0;;
A;RO;RO3;NAVIGABLE_CANAL;2015;0;;
A;RO;RO3;NAVIGABLE_CANAL;2016;0;;
A;RO;RO3;NAVIGABLE_CANAL;2017;0;;
A;RO;RO31;NAVIGABLE_CANAL;2013;0;;
A;RO;RO31;NAVIGABLE_CANAL;2014;0;;
A;RO;RO31;NAVIGABLE_CANAL;2015;0;;
A;RO;RO31;NAVIGABLE_CANAL;2016;0;;
A;RO;RO31;NAVIGABLE_CANAL;2017;0;;
A;RO;RO32;NAVIGABLE_CANAL;2013;0;;
A;RO;RO32;NAVIGABLE_CANAL;2014;0;;
A;RO;RO32;NAVIGABLE_CANAL;2015;0;;
A;RO;RO32;NAVIGABLE_CANAL;2016;0;;
A;RO;RO32;NAVIGABLE_CANAL;2017;0;;
A;RO;RO4;NAVIGABLE_CANAL;2013;40;;
A;RO;RO4;NAVIGABLE_CANAL;2014;40;;
A;RO;RO4;NAVIGABLE_CANAL;2015;40;;
A;RO;RO4;NAVIGABLE_CANAL;2016;40;;
A;RO;RO4;NAVIGABLE_CANAL;2017;40;;
A;RO;RO41;NAVIGABLE_CANAL;2013;0;;
A;RO;RO41;NAVIGABLE_CANAL;2014;0;;
A;RO;RO41;NAVIGABLE_CANAL;2015;0;;
A;RO;RO41;NAVIGABLE_CANAL;2016;0;;
A;RO;RO41;NAVIGABLE_CANAL;2017;0;;
A;RO;RO42;NAVIGABLE_CANAL;2013;40;;
A;RO;RO42;NAVIGABLE_CANAL;2014;40;;
A;RO;RO42;NAVIGABLE_CANAL;2015;40;;
A;RO;RO42;NAVIGABLE_CANAL;2016;40;;
A;RO;RO42;NAVIGABLE_CANAL;2017;40;;
A;RO;RO;NAVIGABLE_RIVER_LAKE;2013;1647;;
A;RO;RO;NAVIGABLE_RIVER_LAKE;2014;1647;;
A;RO;RO;NAVIGABLE_RIVER_LAKE;2015;1647;;
A;RO;RO;NAVIGABLE_RIVER_LAKE;2016;1647;;
A;RO;RO;NAVIGABLE_RIVER_LAKE;2017;1647;;
A;RO;RO1;NAVIGABLE_RIVER_LAKE;2013;0;;
A;RO;RO1;NAVIGABLE_RIVER_LAKE;2014;0;;
A;RO;RO1;NAVIGABLE_RIVER_LAKE;2015;0;;
A;RO;RO1;NAVIGABLE_RIVER_LAKE;2016;0;;
A;RO;RO1;NAVIGABLE_RIVER_LAKE;2017;0;;
A;RO;RO11;NAVIGABLE_RIVER_LAKE;2013;0;;
A;RO;RO11;NAVIGABLE_RIVER_LAKE;2014;0;;
A;RO;RO11;NAVIGABLE_RIVER_LAKE;2015;0;;
A;RO;RO11;NAVIGABLE_RIVER_LAKE;2016;0;;
A;RO;RO11;NAVIGABLE_RIVER_LAKE;2017;0;;
A;RO;RO12;NAVIGABLE_RIVER_LAKE;2013;0;;
A;RO;RO12;NAVIGABLE_RIVER_LAKE;2014;0;;
A;RO;RO12;NAVIGABLE_RIVER_LAKE;2015;0;;
A;RO;RO12;NAVIGABLE_RIVER_LAKE;2016;0;;
A;RO;RO12;NAVIGABLE_RIVER_LAKE;2017;0;;
A;RO;RO2;NAVIGABLE_RIVER_LAKE;2013;716;;
A;RO;RO2;NAVIGABLE_RIVER_LAKE;2014;716;;
A;RO;RO2;NAVIGABLE_RIVER_LAKE;2015;716;;
A;RO;RO2;NAVIGABLE_RIVER_LAKE;2016;716;;
A;RO;RO2;NAVIGABLE_RIVER_LAKE;2017;716;;
A;RO;RO21;NAVIGABLE_RIVER_LAKE;2013;30;;
A;RO;RO21;NAVIGABLE_RIVER_LAKE;2014;30;;
A;RO;RO21;NAVIGABLE_RIVER_LAKE;2015;30;;
A;RO;RO21;NAVIGABLE_RIVER_LAKE;2016;30;;
A;RO;RO21;NAVIGABLE_RIVER_LAKE;2017;30;;
A;RO;RO22;NAVIGABLE_RIVER_LAKE;2013;686;;
A;RO;RO22;NAVIGABLE_RIVER_LAKE;2014;686;;
A;RO;RO22;NAVIGABLE_RIVER_LAKE;2015;686;;
A;RO;RO22;NAVIGABLE_RIVER_LAKE;2016;686;;
A;RO;RO22;NAVIGABLE_RIVER_LAKE;2017;686;;
A;RO;RO3;NAVIGABLE_RIVER_LAKE;2013;521;;
A;RO;RO3;NAVIGABLE_RIVER_LAKE;2014;521;;
A;RO;RO3;NAVIGABLE_RIVER_LAKE;2015;521;;
A;RO;RO3;NAVIGABLE_RIVER_LAKE;2016;521;;
A;RO;RO3;NAVIGABLE_RIVER_LAKE;2017;521;;
A;RO;RO31;NAVIGABLE_RIVER_LAKE;2013;521;;
A;RO;RO31;NAVIGABLE_RIVER_LAKE;2014;521;;
A;RO;RO31;NAVIGABLE_RIVER_LAKE;2015;521;;
A;RO;RO31;NAVIGABLE_RIVER_LAKE;2016;521;;
A;RO;RO31;NAVIGABLE_RIVER_LAKE;2017;521;;
A;RO;RO32;NAVIGABLE_RIVER_LAKE;2013;0;;
A;RO;RO32;NAVIGABLE_RIVER_LAKE;2014;0;;
A;RO;RO32;NAVIGABLE_RIVER_LAKE;2015;0;;
A;RO;RO32;NAVIGABLE_RIVER_LAKE;2016;0;;
A;RO;RO32;NAVIGABLE_RIVER_LAKE;2017;0;;
A;RO;RO4;NAVIGABLE_RIVER_LAKE;2013;410;;
A;RO;RO4;NAVIGABLE_RIVER_LAKE;2014;410;;
A;RO;RO4;NAVIGABLE_RIVER_LAKE;2015;410;;
A;RO;RO4;NAVIGABLE_RIVER_LAKE;2016;410;;
A;RO;RO4;NAVIGABLE_RIVER_LAKE;2017;410;;
A;RO;RO41;NAVIGABLE_RIVER_LAKE;2013;346;;
A;RO;RO41;NAVIGABLE_RIVER_LAKE;2014;346;;
A;RO;RO41;NAVIGABLE_RIVER_LAKE;2015;346;;
A;RO;RO41;NAVIGABLE_RIVER_LAKE;2016;346;;
A;RO;RO41;NAVIGABLE_RIVER_LAKE;2017;346;;
A;RO;RO42;NAVIGABLE_RIVER_LAKE;2013;64;;
A;RO;RO42;NAVIGABLE_RIVER_LAKE;2014;64;;
A;RO;RO42;NAVIGABLE_RIVER_LAKE;2015;64;;
A;RO;RO42;NAVIGABLE_RIVER_LAKE;2016;64;;
A;RO;RO42;NAVIGABLE_RIVER_LAKE;2017;64;;
A;RO;RO;PERSON_KILLED;2013;1861;;
A;RO;RO;PERSON_KILLED;2014;1818;;
A;RO;RO;PERSON_KILLED;2015;1893;;
A;RO;RO;PERSON_KILLED;2016;1913;;
A;RO;RO;PERSON_KILLED;2017;1951;;
A;RO;RO1;PERSON_KILLED;2013;440;;
A;RO;RO1;PERSON_KILLED;2014;448;;
A;RO;RO1;PERSON_KILLED;2015;473;;
A;RO;RO1;PERSON_KILLED;2016;466;;
A;RO;RO1;PERSON_KILLED;2017;444;;
A;RO;RO11;PERSON_KILLED;2013;234;;
A;RO;RO11;PERSON_KILLED;2014;228;;
A;RO;RO11;PERSON_KILLED;2015;257;;
A;RO;RO11;PERSON_KILLED;2016;234;;
A;RO;RO11;PERSON_KILLED;2017;225;;
A;RO;RO12;PERSON_KILLED;2013;206;;
A;RO;RO12;PERSON_KILLED;2014;220;;
A;RO;RO12;PERSON_KILLED;2015;216;;
A;RO;RO12;PERSON_KILLED;2016;232;;
A;RO;RO12;PERSON_KILLED;2017;219;;
A;RO;RO2;PERSON_KILLED;2013;587;;
A;RO;RO2;PERSON_KILLED;2014;544;;
A;RO;RO2;PERSON_KILLED;2015;594;;
A;RO;RO2;PERSON_KILLED;2016;620;;
A;RO;RO2;PERSON_KILLED;2017;594;;
A;RO;RO21;PERSON_KILLED;2013;314;;
A;RO;RO21;PERSON_KILLED;2014;296;;
A;RO;RO21;PERSON_KILLED;2015;327;;
A;RO;RO21;PERSON_KILLED;2016;344;;
A;RO;RO21;PERSON_KILLED;2017;334;;
A;RO;RO22;PERSON_KILLED;2013;273;;
A;RO;RO22;PERSON_KILLED;2014;248;;
A;RO;RO22;PERSON_KILLED;2015;267;;
A;RO;RO22;PERSON_KILLED;2016;276;;
A;RO;RO22;PERSON_KILLED;2017;260;;
A;RO;RO3;PERSON_KILLED;2013;455;;
A;RO;RO3;PERSON_KILLED;2014;418;;
A;RO;RO3;PERSON_KILLED;2015;385;;
A;RO;RO3;PERSON_KILLED;2016;437;;
A;RO;RO3;PERSON_KILLED;2017;434;;
A;RO;RO31;PERSON_KILLED;2013;321;;
A;RO;RO31;PERSON_KILLED;2014;288;;
A;RO;RO31;PERSON_KILLED;2015;260;;
A;RO;RO31;PERSON_KILLED;2016;304;;
A;RO;RO31;PERSON_KILLED;2017;291;;
A;RO;RO32;PERSON_KILLED;2013;134;;
A;RO;RO32;PERSON_KILLED;2014;130;;
A;RO;RO32;PERSON_KILLED;2015;125;;
A;RO;RO32;PERSON_KILLED;2016;133;;
A;RO;RO32;PERSON_KILLED;2017;143;;
A;RO;RO4;PERSON_KILLED;2013;379;;
A;RO;RO4;PERSON_KILLED;2014;408;;
A;RO;RO4;PERSON_KILLED;2015;441;;
A;RO;RO4;PERSON_KILLED;2016;390;;
A;RO;RO4;PERSON_KILLED;2017;479;;
A;RO;RO41;PERSON_KILLED;2013;199;;
A;RO;RO41;PERSON_KILLED;2014;203;;
A;RO;RO41;PERSON_KILLED;2015;230;;
A;RO;RO41;PERSON_KILLED;2016;211;;
A;RO;RO41;PERSON_KILLED;2017;265;;
A;RO;RO42;PERSON_KILLED;2013;180;;
A;RO;RO42;PERSON_KILLED;2014;205;;
A;RO;RO42;PERSON_KILLED;2015;211;;
A;RO;RO42;PERSON_KILLED;2016;179;;
A;RO;RO42;PERSON_KILLED;2017;214;;
A;RO;RO;PERSON_INJURED;2013;31464;;
A;RO;RO;PERSON_INJURED;2014;32334;;
A;RO;RO;PERSON_INJURED;2015;36807;;
A;RO;RO;PERSON_INJURED;2016;39562;;
A;RO;RO;PERSON_INJURED;2017;40211;;
A;RO;RO1;PERSON_INJURED;2013;7226;;
A;RO;RO1;PERSON_INJURED;2014;7695;;
A;RO;RO1;PERSON_INJURED;2015;8567;;
A;RO;RO1;PERSON_INJURED;2016;9635;;
A;RO;RO1;PERSON_INJURED;2017;9748;;
A;RO;RO11;PERSON_INJURED;2013;3562;;
A;RO;RO11;PERSON_INJURED;2014;3713;;
A;RO;RO11;PERSON_INJURED;2015;4182;;
A;RO;RO11;PERSON_INJURED;2016;4723;;
A;RO;RO11;PERSON_INJURED;2017;4901;;
A;RO;RO12;PERSON_INJURED;2013;3664;;
A;RO;RO12;PERSON_INJURED;2014;3982;;
A;RO;RO12;PERSON_INJURED;2015;4385;;
A;RO;RO12;PERSON_INJURED;2016;4912;;
A;RO;RO12;PERSON_INJURED;2017;4847;;
A;RO;RO2;PERSON_INJURED;2013;8658;;
A;RO;RO2;PERSON_INJURED;2014;9321;;
A;RO;RO2;PERSON_INJURED;2015;10498;;
A;RO;RO2;PERSON_INJURED;2016;11370;;
A;RO;RO2;PERSON_INJURED;2017;11538;;
A;RO;RO21;PERSON_INJURED;2013;4547;;
A;RO;RO21;PERSON_INJURED;2014;5051;;
A;RO;RO21;PERSON_INJURED;2015;5786;;
A;RO;RO21;PERSON_INJURED;2016;6449;;
A;RO;RO21;PERSON_INJURED;2017;6542;;
A;RO;RO22;PERSON_INJURED;2013;4111;;
A;RO;RO22;PERSON_INJURED;2014;4270;;
A;RO;RO22;PERSON_INJURED;2015;4712;;
A;RO;RO22;PERSON_INJURED;2016;4921;;
A;RO;RO22;PERSON_INJURED;2017;4996;;
A;RO;RO3;PERSON_INJURED;2013;9629;;
A;RO;RO3;PERSON_INJURED;2014;9359;;
A;RO;RO3;PERSON_INJURED;2015;10659;;
A;RO;RO3;PERSON_INJURED;2016;11186;;
A;RO;RO3;PERSON_INJURED;2017;11305;;
A;RO;RO31;PERSON_INJURED;2013;4548;;
A;RO;RO31;PERSON_INJURED;2014;4591;;
A;RO;RO31;PERSON_INJURED;2015;5356;;
A;RO;RO31;PERSON_INJURED;2016;5950;;
A;RO;RO31;PERSON_INJURED;2017;6204;;
A;RO;RO32;PERSON_INJURED;2013;5081;;
A;RO;RO32;PERSON_INJURED;2014;4768;;
A;RO;RO32;PERSON_INJURED;2015;5303;;
A;RO;RO32;PERSON_INJURED;2016;5236;;
A;RO;RO32;PERSON_INJURED;2017;5101;;
A;RO;RO4;PERSON_INJURED;2013;5951;;
A;RO;RO4;PERSON_INJURED;2014;5959;;
A;RO;RO4;PERSON_INJURED;2015;7083;;
A;RO;RO4;PERSON_INJURED;2016;7371;;
A;RO;RO4;PERSON_INJURED;2017;7620;;
A;RO;RO41;PERSON_INJURED;2013;3347;;
A;RO;RO41;PERSON_INJURED;2014;3266;;
A;RO;RO41;PERSON_INJURED;2015;3717;;
A;RO;RO41;PERSON_INJURED;2016;3814;;
A;RO;RO41;PERSON_INJURED;2017;4144;;
A;RO;RO42;PERSON_INJURED;2013;2604;;
A;RO;RO42;PERSON_INJURED;2014;2693;;
A;RO;RO42;PERSON_INJURED;2015;3366;;
A;RO;RO42;PERSON_INJURED;2016;3557;;
A;RO;RO42;PERSON_INJURED;2017;3476;;
A;RO;RO;MOTORCYCLE_OVER_50;2013;95100;;
A;RO;RO;MOTORCYCLE_OVER_50;2014;100695;;
A;RO;RO;MOTORCYCLE_OVER_50;2015;106187;;
A;RO;RO;MOTORCYCLE_OVER_50;2016;112825;;
A;RO;RO;MOTORCYCLE_OVER_50;2017;112825;;
A;RO;RO1;MOTORCYCLE_OVER_50;2013;30700;;
A;RO;RO1;MOTORCYCLE_OVER_50;2014;32699;;
A;RO;RO1;MOTORCYCLE_OVER_50;2015;34633;;
A;RO;RO1;MOTORCYCLE_OVER_50;2016;36829;;
A;RO;RO1;MOTORCYCLE_OVER_50;2017;36829;;
A;RO;RO11;MOTORCYCLE_OVER_50;2013;12600;;
A;RO;RO11;MOTORCYCLE_OVER_50;2014;13603;;
A;RO;RO11;MOTORCYCLE_OVER_50;2015;14607;;
A;RO;RO11;MOTORCYCLE_OVER_50;2016;15629;;
A;RO;RO11;MOTORCYCLE_OVER_50;2017;15629;;
A;RO;RO12;MOTORCYCLE_OVER_50;2013;18100;;
A;RO;RO12;MOTORCYCLE_OVER_50;2014;19096;;
A;RO;RO12;MOTORCYCLE_OVER_50;2015;20026;;
A;RO;RO12;MOTORCYCLE_OVER_50;2016;21200;;
A;RO;RO12;MOTORCYCLE_OVER_50;2017;21200;;
A;RO;RO2;MOTORCYCLE_OVER_50;2013;16400;;
A;RO;RO2;MOTORCYCLE_OVER_50;2014;17623;;
A;RO;RO2;MOTORCYCLE_OVER_50;2015;18774;;
A;RO;RO2;MOTORCYCLE_OVER_50;2016;20087;;
A;RO;RO2;MOTORCYCLE_OVER_50;2017;20087;;
A;RO;RO21;MOTORCYCLE_OVER_50;2013;8100;;
A;RO;RO21;MOTORCYCLE_OVER_50;2014;8835;;
A;RO;RO21;MOTORCYCLE_OVER_50;2015;9497;;
A;RO;RO21;MOTORCYCLE_OVER_50;2016;10241;;
A;RO;RO21;MOTORCYCLE_OVER_50;2017;10241;;
A;RO;RO22;MOTORCYCLE_OVER_50;2013;8300;;
A;RO;RO22;MOTORCYCLE_OVER_50;2014;8788;;
A;RO;RO22;MOTORCYCLE_OVER_50;2015;9277;;
A;RO;RO22;MOTORCYCLE_OVER_50;2016;9846;;
A;RO;RO22;MOTORCYCLE_OVER_50;2017;9846;;
A;RO;RO3;MOTORCYCLE_OVER_50;2013;30700;;
A;RO;RO3;MOTORCYCLE_OVER_50;2014;32006;;
A;RO;RO3;MOTORCYCLE_OVER_50;2015;33401;;
A;RO;RO3;MOTORCYCLE_OVER_50;2016;35350;;
A;RO;RO3;MOTORCYCLE_OVER_50;2017;35350;;
A;RO;RO31;MOTORCYCLE_OVER_50;2013;9800;;
A;RO;RO31;MOTORCYCLE_OVER_50;2014;10342;;
A;RO;RO31;MOTORCYCLE_OVER_50;2015;10805;;
A;RO;RO31;MOTORCYCLE_OVER_50;2016;11484;;
A;RO;RO31;MOTORCYCLE_OVER_50;2017;11484;;
A;RO;RO32;MOTORCYCLE_OVER_50;2013;20900;;
A;RO;RO32;MOTORCYCLE_OVER_50;2014;21664;;
A;RO;RO32;MOTORCYCLE_OVER_50;2015;22596;;
A;RO;RO32;MOTORCYCLE_OVER_50;2016;23866;;
A;RO;RO32;MOTORCYCLE_OVER_50;2017;23866;;
A;RO;RO4;MOTORCYCLE_OVER_50;2013;17300;;
A;RO;RO4;MOTORCYCLE_OVER_50;2014;18367;;
A;RO;RO4;MOTORCYCLE_OVER_50;2015;19379;;
A;RO;RO4;MOTORCYCLE_OVER_50;2016;20559;;
A;RO;RO4;MOTORCYCLE_OVER_50;2017;20559;;
A;RO;RO41;MOTORCYCLE_OVER_50;2013;5000;;
A;RO;RO41;MOTORCYCLE_OVER_50;2014;5429;;
A;RO;RO41;MOTORCYCLE_OVER_50;2015;5819;;
A;RO;RO41;MOTORCYCLE_OVER_50;2016;6214;;
A;RO;RO41;MOTORCYCLE_OVER_50;2017;6214;;
A;RO;RO42;MOTORCYCLE_OVER_50;2013;12300;;
A;RO;RO42;MOTORCYCLE_OVER_50;2014;12938;;
A;RO;RO42;MOTORCYCLE_OVER_50;2015;13560;;
A;RO;RO42;MOTORCYCLE_OVER_50;2016;14345;;
A;RO;RO42;MOTORCYCLE_OVER_50;2017;14345;;
A;RO;RO;PASSENGER_CAR;2013;4695700;;
A;RO;RO;PASSENGER_CAR;2014;4907564;;
A;RO;RO;PASSENGER_CAR;2015;5155059;;
A;RO;RO;PASSENGER_CAR;2016;5472423;;
A;RO;RO;PASSENGER_CAR;2017;5472423;;
A;RO;RO1;PASSENGER_CAR;2013;1169200;;
A;RO;RO1;PASSENGER_CAR;2014;1225431;;
A;RO;RO1;PASSENGER_CAR;2015;1290416;;
A;RO;RO1;PASSENGER_CAR;2016;1373128;;
A;RO;RO1;PASSENGER_CAR;2017;1373128;;
A;RO;RO11;PASSENGER_CAR;2013;608600;;
A;RO;RO11;PASSENGER_CAR;2014;638230;;
A;RO;RO11;PASSENGER_CAR;2015;673060;;
A;RO;RO11;PASSENGER_CAR;2016;717641;;
A;RO;RO11;PASSENGER_CAR;2017;717641;;
A;RO;RO12;PASSENGER_CAR;2013;560600;;
A;RO;RO12;PASSENGER_CAR;2014;587201;;
A;RO;RO12;PASSENGER_CAR;2015;617356;;
A;RO;RO12;PASSENGER_CAR;2016;655487;;
A;RO;RO12;PASSENGER_CAR;2017;655487;;
A;RO;RO2;PASSENGER_CAR;2013;1074600;;
A;RO;RO2;PASSENGER_CAR;2014;1132851;;
A;RO;RO2;PASSENGER_CAR;2015;1195968;;
A;RO;RO2;PASSENGER_CAR;2016;1274332;;
A;RO;RO2;PASSENGER_CAR;2017;1274332;;
A;RO;RO21;PASSENGER_CAR;2013;545900;;
A;RO;RO21;PASSENGER_CAR;2014;578730;;
A;RO;RO21;PASSENGER_CAR;2015;614713;;
A;RO;RO21;PASSENGER_CAR;2016;658901;;
A;RO;RO21;PASSENGER_CAR;2017;658901;;
A;RO;RO22;PASSENGER_CAR;2013;528700;;
A;RO;RO22;PASSENGER_CAR;2014;554121;;
A;RO;RO22;PASSENGER_CAR;2015;581255;;
A;RO;RO22;PASSENGER_CAR;2016;615431;;
A;RO;RO22;PASSENGER_CAR;2017;615431;;
A;RO;RO3;PASSENGER_CAR;2013;1576500;;
A;RO;RO3;PASSENGER_CAR;2014;1633577;;
A;RO;RO3;PASSENGER_CAR;2015;1707012;;
A;RO;RO3;PASSENGER_CAR;2016;1807461;;
A;RO;RO3;PASSENGER_CAR;2017;1807461;;
A;RO;RO31;PASSENGER_CAR;2013;588600;;
A;RO;RO31;PASSENGER_CAR;2014;615368;;
A;RO;RO31;PASSENGER_CAR;2015;646428;;
A;RO;RO31;PASSENGER_CAR;2016;687832;;
A;RO;RO31;PASSENGER_CAR;2017;687832;;
A;RO;RO32;PASSENGER_CAR;2013;987900;;
A;RO;RO32;PASSENGER_CAR;2014;1018209;;
A;RO;RO32;PASSENGER_CAR;2015;1060584;;
A;RO;RO32;PASSENGER_CAR;2016;1119629;;
A;RO;RO32;PASSENGER_CAR;2017;1119629;;
A;RO;RO4;PASSENGER_CAR;2013;875400;;
A;RO;RO4;PASSENGER_CAR;2014;915705;;
A;RO;RO4;PASSENGER_CAR;2015;961663;;
A;RO;RO4;PASSENGER_CAR;2016;1017502;;
A;RO;RO4;PASSENGER_CAR;2017;1017502;;
A;RO;RO41;PASSENGER_CAR;2013;417000;;
A;RO;RO41;PASSENGER_CAR;2014;436192;;
A;RO;RO41;PASSENGER_CAR;2015;458351;;
A;RO;RO41;PASSENGER_CAR;2016;485555;;
A;RO;RO41;PASSENGER_CAR;2017;485555;;
A;RO;RO42;PASSENGER_CAR;2013;458400;;
A;RO;RO42;PASSENGER_CAR;2014;479513;;
A;RO;RO42;PASSENGER_CAR;2015;503312;;
A;RO;RO42;PASSENGER_CAR;2016;531947;;
A;RO;RO42;PASSENGER_CAR;2017;531947;;
A;RO;RO;RAIL_LINE_DOUBLE;2013;2909;;
A;RO;RO;RAIL_LINE_DOUBLE;2014;2909;;
A;RO;RO;RAIL_LINE_DOUBLE;2015;2917;;
A;RO;RO;RAIL_LINE_DOUBLE;2016;2917;;
A;RO;RO;RAIL_LINE_DOUBLE;2017;2917;;
A;RO;RO1;RAIL_LINE_DOUBLE;2013;564;;
A;RO;RO1;RAIL_LINE_DOUBLE;2014;564;;
A;RO;RO1;RAIL_LINE_DOUBLE;2015;564;;
A;RO;RO1;RAIL_LINE_DOUBLE;2016;564;;
A;RO;RO1;RAIL_LINE_DOUBLE;2017;564;;
A;RO;RO11;RAIL_LINE_DOUBLE;2013;244;;
A;RO;RO11;RAIL_LINE_DOUBLE;2014;244;;
A;RO;RO11;RAIL_LINE_DOUBLE;2015;244;;
A;RO;RO11;RAIL_LINE_DOUBLE;2016;244;;
A;RO;RO11;RAIL_LINE_DOUBLE;2017;244;;
A;RO;RO12;RAIL_LINE_DOUBLE;2013;320;;
A;RO;RO12;RAIL_LINE_DOUBLE;2014;320;;
A;RO;RO12;RAIL_LINE_DOUBLE;2015;320;;
A;RO;RO12;RAIL_LINE_DOUBLE;2016;320;;
A;RO;RO12;RAIL_LINE_DOUBLE;2017;320;;
A;RO;RO2;RAIL_LINE_DOUBLE;2013;1030;;
A;RO;RO2;RAIL_LINE_DOUBLE;2014;1030;;
A;RO;RO2;RAIL_LINE_DOUBLE;2015;1030;;
A;RO;RO2;RAIL_LINE_DOUBLE;2016;1030;;
A;RO;RO2;RAIL_LINE_DOUBLE;2017;1030;;
A;RO;RO21;RAIL_LINE_DOUBLE;2013;540;;
A;RO;RO21;RAIL_LINE_DOUBLE;2014;540;;
A;RO;RO21;RAIL_LINE_DOUBLE;2015;540;;
A;RO;RO21;RAIL_LINE_DOUBLE;2016;540;;
A;RO;RO21;RAIL_LINE_DOUBLE;2017;540;;
A;RO;RO22;RAIL_LINE_DOUBLE;2013;490;;
A;RO;RO22;RAIL_LINE_DOUBLE;2014;490;;
A;RO;RO22;RAIL_LINE_DOUBLE;2015;490;;
A;RO;RO22;RAIL_LINE_DOUBLE;2016;490;;
A;RO;RO22;RAIL_LINE_DOUBLE;2017;490;;
A;RO;RO3;RAIL_LINE_DOUBLE;2013;752;;
A;RO;RO3;RAIL_LINE_DOUBLE;2014;752;;
A;RO;RO3;RAIL_LINE_DOUBLE;2015;752;;
A;RO;RO3;RAIL_LINE_DOUBLE;2016;752;;
A;RO;RO3;RAIL_LINE_DOUBLE;2017;752;;
A;RO;RO31;RAIL_LINE_DOUBLE;2013;615;;
A;RO;RO31;RAIL_LINE_DOUBLE;2014;615;;
A;RO;RO31;RAIL_LINE_DOUBLE;2015;615;;
A;RO;RO31;RAIL_LINE_DOUBLE;2016;615;;
A;RO;RO31;RAIL_LINE_DOUBLE;2017;615;;
A;RO;RO32;RAIL_LINE_DOUBLE;2013;137;;
A;RO;RO32;RAIL_LINE_DOUBLE;2014;137;;
A;RO;RO32;RAIL_LINE_DOUBLE;2015;137;;
A;RO;RO32;RAIL_LINE_DOUBLE;2016;137;;
A;RO;RO32;RAIL_LINE_DOUBLE;2017;137;;
A;RO;RO4;RAIL_LINE_DOUBLE;2013;563;;
A;RO;RO4;RAIL_LINE_DOUBLE;2014;563;;
A;RO;RO4;RAIL_LINE_DOUBLE;2015;571;;
A;RO;RO4;RAIL_LINE_DOUBLE;2016;571;;
A;RO;RO4;RAIL_LINE_DOUBLE;2017;571;;
A;RO;RO41;RAIL_LINE_DOUBLE;2013;248;;
A;RO;RO41;RAIL_LINE_DOUBLE;2014;248;;
A;RO;RO41;RAIL_LINE_DOUBLE;2015;248;;
A;RO;RO41;RAIL_LINE_DOUBLE;2016;248;;
A;RO;RO41;RAIL_LINE_DOUBLE;2017;248;;
A;RO;RO42;RAIL_LINE_DOUBLE;2013;315;;
A;RO;RO42;RAIL_LINE_DOUBLE;2014;315;;
A;RO;RO42;RAIL_LINE_DOUBLE;2015;323;;
A;RO;RO42;RAIL_LINE_DOUBLE;2016;323;;
A;RO;RO42;RAIL_LINE_DOUBLE;2017;323;;
A;RO;RO;MOTOR_COACH_BUS;2013;42800;;
A;RO;RO;MOTOR_COACH_BUS;2014;44283;;
A;RO;RO;MOTOR_COACH_BUS;2015;47347;;
A;RO;RO;MOTOR_COACH_BUS;2016;48803;;
A;RO;RO;MOTOR_COACH_BUS;2017;48803;;
A;RO;RO1;MOTOR_COACH_BUS;2013;9500;;
A;RO;RO1;MOTOR_COACH_BUS;2014;9904;;
A;RO;RO1;MOTOR_COACH_BUS;2015;10751;;
A;RO;RO1;MOTOR_COACH_BUS;2016;11192;;
A;RO;RO1;MOTOR_COACH_BUS;2017;11192;;
A;RO;RO11;MOTOR_COACH_BUS;2013;5000;;
A;RO;RO11;MOTOR_COACH_BUS;2014;5174;;
A;RO;RO11;MOTOR_COACH_BUS;2015;5642;;
A;RO;RO11;MOTOR_COACH_BUS;2016;5815;;
A;RO;RO11;MOTOR_COACH_BUS;2017;5815;;
A;RO;RO12;MOTOR_COACH_BUS;2013;4500;;
A;RO;RO12;MOTOR_COACH_BUS;2014;4730;;
A;RO;RO12;MOTOR_COACH_BUS;2015;5109;;
A;RO;RO12;MOTOR_COACH_BUS;2016;5377;;
A;RO;RO12;MOTOR_COACH_BUS;2017;5377;;
A;RO;RO2;MOTOR_COACH_BUS;2013;10900;;
A;RO;RO2;MOTOR_COACH_BUS;2014;11319;;
A;RO;RO2;MOTOR_COACH_BUS;2015;12389;;
A;RO;RO2;MOTOR_COACH_BUS;2016;12674;;
A;RO;RO2;MOTOR_COACH_BUS;2017;12674;;
A;RO;RO21;MOTOR_COACH_BUS;2013;5400;;
A;RO;RO21;MOTOR_COACH_BUS;2014;5631;;
A;RO;RO21;MOTOR_COACH_BUS;2015;6266;;
A;RO;RO21;MOTOR_COACH_BUS;2016;6487;;
A;RO;RO21;MOTOR_COACH_BUS;2017;6487;;
A;RO;RO22;MOTOR_COACH_BUS;2013;5500;;
A;RO;RO22;MOTOR_COACH_BUS;2014;5688;;
A;RO;RO22;MOTOR_COACH_BUS;2015;6123;;
A;RO;RO22;MOTOR_COACH_BUS;2016;6187;;
A;RO;RO22;MOTOR_COACH_BUS;2017;6187;;
A;RO;RO3;MOTOR_COACH_BUS;2013;15000;;
A;RO;RO3;MOTOR_COACH_BUS;2014;15317;;
A;RO;RO3;MOTOR_COACH_BUS;2015;15809;;
A;RO;RO3;MOTOR_COACH_BUS;2016;16385;;
A;RO;RO3;MOTOR_COACH_BUS;2017;16385;;
A;RO;RO31;MOTOR_COACH_BUS;2013;5800;;
A;RO;RO31;MOTOR_COACH_BUS;2014;5984;;
A;RO;RO31;MOTOR_COACH_BUS;2015;6403;;
A;RO;RO31;MOTOR_COACH_BUS;2016;6687;;
A;RO;RO31;MOTOR_COACH_BUS;2017;6687;;
A;RO;RO32;MOTOR_COACH_BUS;2013;9200;;
A;RO;RO32;MOTOR_COACH_BUS;2014;9333;;
A;RO;RO32;MOTOR_COACH_BUS;2015;9406;;
A;RO;RO32;MOTOR_COACH_BUS;2016;9698;;
A;RO;RO32;MOTOR_COACH_BUS;2017;9698;;
A;RO;RO4;MOTOR_COACH_BUS;2013;7400;;
A;RO;RO4;MOTOR_COACH_BUS;2014;7743;;
A;RO;RO4;MOTOR_COACH_BUS;2015;8398;;
A;RO;RO4;MOTOR_COACH_BUS;2016;8552;;
A;RO;RO4;MOTOR_COACH_BUS;2017;8552;;
A;RO;RO41;MOTOR_COACH_BUS;2013;3900;;
A;RO;RO41;MOTOR_COACH_BUS;2014;3987;;
A;RO;RO41;MOTOR_COACH_BUS;2015;4298;;
A;RO;RO41;MOTOR_COACH_BUS;2016;4370;;
A;RO;RO41;MOTOR_COACH_BUS;2017;4370;;
A;RO;RO42;MOTOR_COACH_BUS;2013;3500;;
A;RO;RO42;MOTOR_COACH_BUS;2014;3756;;
A;RO;RO42;MOTOR_COACH_BUS;2015;4100;;
A;RO;RO42;MOTOR_COACH_BUS;2016;4184;;
A;RO;RO42;MOTOR_COACH_BUS;2017;4184;;
A;RO;RO;LORRY;2013;676600;;
A;RO;RO;LORRY;2014;712317;;
A;RO;RO;LORRY;2015;750497;;
A;RO;RO;LORRY;2016;794578;;
A;RO;RO;LORRY;2017;794578;;
A;RO;RO1;LORRY;2013;164200;;
A;RO;RO1;LORRY;2014;175177;;
A;RO;RO1;LORRY;2015;186903;;
A;RO;RO1;LORRY;2016;199970;;
A;RO;RO1;LORRY;2017;199970;;
A;RO;RO11;LORRY;2013;87100;;
A;RO;RO11;LORRY;2014;93225;;
A;RO;RO11;LORRY;2015;99943;;
A;RO;RO11;LORRY;2016;107696;;
A;RO;RO11;LORRY;2017;107696;;
A;RO;RO12;LORRY;2013;77100;;
A;RO;RO12;LORRY;2014;81952;;
A;RO;RO12;LORRY;2015;86960;;
A;RO;RO12;LORRY;2016;92274;;
A;RO;RO12;LORRY;2017;92274;;
A;RO;RO2;LORRY;2013;165000;;
A;RO;RO2;LORRY;2014;175980;;
A;RO;RO2;LORRY;2015;185703;;
A;RO;RO2;LORRY;2016;196028;;
A;RO;RO2;LORRY;2017;196028;;
A;RO;RO21;LORRY;2013;84900;;
A;RO;RO21;LORRY;2014;91107;;
A;RO;RO21;LORRY;2015;96983;;
A;RO;RO21;LORRY;2016;103329;;
A;RO;RO21;LORRY;2017;103329;;
A;RO;RO22;LORRY;2013;80100;;
A;RO;RO22;LORRY;2014;84873;;
A;RO;RO22;LORRY;2015;88720;;
A;RO;RO22;LORRY;2016;92699;;
A;RO;RO22;LORRY;2017;92699;;
A;RO;RO3;LORRY;2013;228600;;
A;RO;RO3;LORRY;2014;235311;;
A;RO;RO3;LORRY;2015;245449;;
A;RO;RO3;LORRY;2016;259160;;
A;RO;RO3;LORRY;2017;259160;;
A;RO;RO31;LORRY;2013;88900;;
A;RO;RO31;LORRY;2014;93323;;
A;RO;RO31;LORRY;2015;97858;;
A;RO;RO31;LORRY;2016;102595;;
A;RO;RO31;LORRY;2017;102595;;
A;RO;RO32;LORRY;2013;139700;;
A;RO;RO32;LORRY;2014;141988;;
A;RO;RO32;LORRY;2015;147591;;
A;RO;RO32;LORRY;2016;156565;;
A;RO;RO32;LORRY;2017;156565;;
A;RO;RO4;LORRY;2013;118800;;
A;RO;RO4;LORRY;2014;125849;;
A;RO;RO4;LORRY;2015;132442;;
A;RO;RO4;LORRY;2016;139420;;
A;RO;RO4;LORRY;2017;139420;;
A;RO;RO41;LORRY;2013;61600;;
A;RO;RO41;LORRY;2014;65116;;
A;RO;RO41;LORRY;2015;68519;;
A;RO;RO41;LORRY;2016;71977;;
A;RO;RO41;LORRY;2017;71977;;
A;RO;RO42;LORRY;2013;57200;;
A;RO;RO42;LORRY;2014;60733;;
A;RO;RO42;LORRY;2015;63923;;
A;RO;RO42;LORRY;2016;67443;;
A;RO;RO42;LORRY;2017;67443;;
A;RO;RO;ROAD_TRACTOR;2013;84900;;
A;RO;RO;ROAD_TRACTOR;2014;94206;;
A;RO;RO;ROAD_TRACTOR;2015;105760;;
A;RO;RO;ROAD_TRACTOR;2016;118212;;
A;RO;RO;ROAD_TRACTOR;2017;118212;;
A;RO;RO1;ROAD_TRACTOR;2013;22800;;
A;RO;RO1;ROAD_TRACTOR;2014;25610;;
A;RO;RO1;ROAD_TRACTOR;2015;28728;;
A;RO;RO1;ROAD_TRACTOR;2016;31851;;
A;RO;RO1;ROAD_TRACTOR;2017;31851;;
A;RO;RO11;ROAD_TRACTOR;2013;13800;;
A;RO;RO11;ROAD_TRACTOR;2014;15596;;
A;RO;RO11;ROAD_TRACTOR;2015;17732;;
A;RO;RO11;ROAD_TRACTOR;2016;19910;;
A;RO;RO11;ROAD_TRACTOR;2017;19910;;
A;RO;RO12;ROAD_TRACTOR;2013;9000;;
A;RO;RO12;ROAD_TRACTOR;2014;10014;;
A;RO;RO12;ROAD_TRACTOR;2015;10996;;
A;RO;RO12;ROAD_TRACTOR;2016;11941;;
A;RO;RO12;ROAD_TRACTOR;2017;11941;;
A;RO;RO2;ROAD_TRACTOR;2013;16900;;
A;RO;RO2;ROAD_TRACTOR;2014;19078;;
A;RO;RO2;ROAD_TRACTOR;2015;21368;;
A;RO;RO2;ROAD_TRACTOR;2016;23965;;
A;RO;RO2;ROAD_TRACTOR;2017;23965;;
A;RO;RO21;ROAD_TRACTOR;2013;8400;;
A;RO;RO21;ROAD_TRACTOR;2014;9778;;
A;RO;RO21;ROAD_TRACTOR;2015;11340;;
A;RO;RO21;ROAD_TRACTOR;2016;13122;;
A;RO;RO21;ROAD_TRACTOR;2017;13122;;
A;RO;RO22;ROAD_TRACTOR;2013;8500;;
A;RO;RO22;ROAD_TRACTOR;2014;9300;;
A;RO;RO22;ROAD_TRACTOR;2015;10028;;
A;RO;RO22;ROAD_TRACTOR;2016;10843;;
A;RO;RO22;ROAD_TRACTOR;2017;10843;;
A;RO;RO3;ROAD_TRACTOR;2013;32200;;
A;RO;RO3;ROAD_TRACTOR;2014;35038;;
A;RO;RO3;ROAD_TRACTOR;2015;39175;;
A;RO;RO3;ROAD_TRACTOR;2016;44019;;
A;RO;RO3;ROAD_TRACTOR;2017;44019;;
A;RO;RO31;ROAD_TRACTOR;2013;10800;;
A;RO;RO31;ROAD_TRACTOR;2014;12242;;
A;RO;RO31;ROAD_TRACTOR;2015;14082;;
A;RO;RO31;ROAD_TRACTOR;2016;16133;;
A;RO;RO31;ROAD_TRACTOR;2017;16133;;
A;RO;RO32;ROAD_TRACTOR;2013;21400;;
A;RO;RO32;ROAD_TRACTOR;2014;22796;;
A;RO;RO32;ROAD_TRACTOR;2015;25093;;
A;RO;RO32;ROAD_TRACTOR;2016;27886;;
A;RO;RO32;ROAD_TRACTOR;2017;27886;;
A;RO;RO4;ROAD_TRACTOR;2013;13000;;
A;RO;RO4;ROAD_TRACTOR;2014;14480;;
A;RO;RO4;ROAD_TRACTOR;2015;16489;;
A;RO;RO4;ROAD_TRACTOR;2016;18377;;
A;RO;RO4;ROAD_TRACTOR;2017;18377;;
A;RO;RO41;ROAD_TRACTOR;2013;5000;;
A;RO;RO41;ROAD_TRACTOR;2014;5472;;
A;RO;RO41;ROAD_TRACTOR;2015;6111;;
A;RO;RO41;ROAD_TRACTOR;2016;6809;;
A;RO;RO41;ROAD_TRACTOR;2017;6809;;
A;RO;RO42;ROAD_TRACTOR;2013;8000;;
A;RO;RO42;ROAD_TRACTOR;2014;9008;;
A;RO;RO42;ROAD_TRACTOR;2015;10378;;
A;RO;RO42;ROAD_TRACTOR;2016;11568;;
A;RO;RO42;ROAD_TRACTOR;2017;11568;;
A;RO;RO;ALL_TRAIL_SEMI_TRAIL;2013;304100;;
A;RO;RO;ALL_TRAIL_SEMI_TRAIL;2014;324859;;
A;RO;RO;ALL_TRAIL_SEMI_TRAIL;2015;348090;;
A;RO;RO;ALL_TRAIL_SEMI_TRAIL;2016;375710;;
A;RO;RO;ALL_TRAIL_SEMI_TRAIL;2017;375710;;
A;RO;RO1;ALL_TRAIL_SEMI_TRAIL;2013;94300;;
A;RO;RO1;ALL_TRAIL_SEMI_TRAIL;2014;101589;;
A;RO;RO1;ALL_TRAIL_SEMI_TRAIL;2015;110120;;
A;RO;RO1;ALL_TRAIL_SEMI_TRAIL;2016;119878;;
A;RO;RO1;ALL_TRAIL_SEMI_TRAIL;2017;119878;;
A;RO;RO11;ALL_TRAIL_SEMI_TRAIL;2013;45300;;
A;RO;RO11;ALL_TRAIL_SEMI_TRAIL;2014;48887;;
A;RO;RO11;ALL_TRAIL_SEMI_TRAIL;2015;53437;;
A;RO;RO11;ALL_TRAIL_SEMI_TRAIL;2016;58651;;
A;RO;RO11;ALL_TRAIL_SEMI_TRAIL;2017;58651;;
A;RO;RO12;ALL_TRAIL_SEMI_TRAIL;2013;49000;;
A;RO;RO12;ALL_TRAIL_SEMI_TRAIL;2014;52702;;
A;RO;RO12;ALL_TRAIL_SEMI_TRAIL;2015;56683;;
A;RO;RO12;ALL_TRAIL_SEMI_TRAIL;2016;61227;;
A;RO;RO12;ALL_TRAIL_SEMI_TRAIL;2017;61227;;
A;RO;RO2;ALL_TRAIL_SEMI_TRAIL;2013;67800;;
A;RO;RO2;ALL_TRAIL_SEMI_TRAIL;2014;72658;;
A;RO;RO2;ALL_TRAIL_SEMI_TRAIL;2015;77543;;
A;RO;RO2;ALL_TRAIL_SEMI_TRAIL;2016;83544;;
A;RO;RO2;ALL_TRAIL_SEMI_TRAIL;2017;83544;;
A;RO;RO21;ALL_TRAIL_SEMI_TRAIL;2013;31800;;
A;RO;RO21;ALL_TRAIL_SEMI_TRAIL;2014;34560;;
A;RO;RO21;ALL_TRAIL_SEMI_TRAIL;2015;37348;;
A;RO;RO21;ALL_TRAIL_SEMI_TRAIL;2016;40841;;
A;RO;RO21;ALL_TRAIL_SEMI_TRAIL;2017;40841;;
A;RO;RO22;ALL_TRAIL_SEMI_TRAIL;2013;36000;;
A;RO;RO22;ALL_TRAIL_SEMI_TRAIL;2014;38098;;
A;RO;RO22;ALL_TRAIL_SEMI_TRAIL;2015;40195;;
A;RO;RO22;ALL_TRAIL_SEMI_TRAIL;2016;42703;;
A;RO;RO22;ALL_TRAIL_SEMI_TRAIL;2017;42703;;
A;RO;RO3;ALL_TRAIL_SEMI_TRAIL;2013;81800;;
A;RO;RO3;ALL_TRAIL_SEMI_TRAIL;2014;86099;;
A;RO;RO3;ALL_TRAIL_SEMI_TRAIL;2015;91211;;
A;RO;RO3;ALL_TRAIL_SEMI_TRAIL;2016;97568;;
A;RO;RO3;ALL_TRAIL_SEMI_TRAIL;2017;97568;;
A;RO;RO31;ALL_TRAIL_SEMI_TRAIL;2013;38400;;
A;RO;RO31;ALL_TRAIL_SEMI_TRAIL;2014;41314;;
A;RO;RO31;ALL_TRAIL_SEMI_TRAIL;2015;44513;;
A;RO;RO31;ALL_TRAIL_SEMI_TRAIL;2016;48312;;
A;RO;RO31;ALL_TRAIL_SEMI_TRAIL;2017;48312;;
A;RO;RO32;ALL_TRAIL_SEMI_TRAIL;2013;43400;;
A;RO;RO32;ALL_TRAIL_SEMI_TRAIL;2014;44785;;
A;RO;RO32;ALL_TRAIL_SEMI_TRAIL;2015;46698;;
A;RO;RO32;ALL_TRAIL_SEMI_TRAIL;2016;49256;;
A;RO;RO32;ALL_TRAIL_SEMI_TRAIL;2017;49256;;
A;RO;RO4;ALL_TRAIL_SEMI_TRAIL;2013;60200;;
A;RO;RO4;ALL_TRAIL_SEMI_TRAIL;2014;64513;;
A;RO;RO4;ALL_TRAIL_SEMI_TRAIL;2015;69216;;
A;RO;RO4;ALL_TRAIL_SEMI_TRAIL;2016;74720;;
A;RO;RO4;ALL_TRAIL_SEMI_TRAIL;2017;74720;;
A;RO;RO41;ALL_TRAIL_SEMI_TRAIL;2013;27500;;
A;RO;RO41;ALL_TRAIL_SEMI_TRAIL;2014;29312;;
A;RO;RO41;ALL_TRAIL_SEMI_TRAIL;2015;31327;;
A;RO;RO41;ALL_TRAIL_SEMI_TRAIL;2016;33764;;
A;RO;RO41;ALL_TRAIL_SEMI_TRAIL;2017;33764;;
A;RO;RO42;ALL_TRAIL_SEMI_TRAIL;2013;32700;;
A;RO;RO42;ALL_TRAIL_SEMI_TRAIL;2014;35201;;
A;RO;RO42;ALL_TRAIL_SEMI_TRAIL;2015;37889;;
A;RO;RO42;ALL_TRAIL_SEMI_TRAIL;2016;40956;;
A;RO;RO42;ALL_TRAIL_SEMI_TRAIL;2017;40956;;
A;RO;RO;SPEC_PURP_ROAD_VEH;2013;32900;;
A;RO;RO;SPEC_PURP_ROAD_VEH;2014;34088;;
A;RO;RO;SPEC_PURP_ROAD_VEH;2015;35306;;
A;RO;RO;SPEC_PURP_ROAD_VEH;2016;36677;;
A;RO;RO;SPEC_PURP_ROAD_VEH;2017;36677;;
A;RO;RO1;SPEC_PURP_ROAD_VEH;2013;7000;;
A;RO;RO1;SPEC_PURP_ROAD_VEH;2014;7382;;
A;RO;RO1;SPEC_PURP_ROAD_VEH;2015;7673;;
A;RO;RO1;SPEC_PURP_ROAD_VEH;2016;8021;;
A;RO;RO1;SPEC_PURP_ROAD_VEH;2017;8021;;
A;RO;RO11;SPEC_PURP_ROAD_VEH;2013;3000;;
A;RO;RO11;SPEC_PURP_ROAD_VEH;2014;3207;;
A;RO;RO11;SPEC_PURP_ROAD_VEH;2015;3349;;
A;RO;RO11;SPEC_PURP_ROAD_VEH;2016;3506;;
A;RO;RO11;SPEC_PURP_ROAD_VEH;2017;3506;;
A;RO;RO12;SPEC_PURP_ROAD_VEH;2013;4000;;
A;RO;RO12;SPEC_PURP_ROAD_VEH;2014;4175;;
A;RO;RO12;SPEC_PURP_ROAD_VEH;2015;4324;;
A;RO;RO12;SPEC_PURP_ROAD_VEH;2016;4515;;
A;RO;RO12;SPEC_PURP_ROAD_VEH;2017;4515;;
A;RO;RO2;SPEC_PURP_ROAD_VEH;2013;6000;;
A;RO;RO2;SPEC_PURP_ROAD_VEH;2014;6326;;
A;RO;RO2;SPEC_PURP_ROAD_VEH;2015;6629;;
A;RO;RO2;SPEC_PURP_ROAD_VEH;2016;7008;;
A;RO;RO2;SPEC_PURP_ROAD_VEH;2017;7008;;
A;RO;RO21;SPEC_PURP_ROAD_VEH;2013;2900;;
A;RO;RO21;SPEC_PURP_ROAD_VEH;2014;3074;;
A;RO;RO21;SPEC_PURP_ROAD_VEH;2015;3214;;
A;RO;RO21;SPEC_PURP_ROAD_VEH;2016;3394;;
A;RO;RO21;SPEC_PURP_ROAD_VEH;2017;3394;;
A;RO;RO22;SPEC_PURP_ROAD_VEH;2013;3100;;
A;RO;RO22;SPEC_PURP_ROAD_VEH;2014;3252;;
A;RO;RO22;SPEC_PURP_ROAD_VEH;2015;3415;;
A;RO;RO22;SPEC_PURP_ROAD_VEH;2016;3614;;
A;RO;RO22;SPEC_PURP_ROAD_VEH;2017;3614;;
A;RO;RO3;SPEC_PURP_ROAD_VEH;2013;15200;;
A;RO;RO3;SPEC_PURP_ROAD_VEH;2014;15387;;
A;RO;RO3;SPEC_PURP_ROAD_VEH;2015;15806;;
A;RO;RO3;SPEC_PURP_ROAD_VEH;2016;16180;;
A;RO;RO3;SPEC_PURP_ROAD_VEH;2017;16180;;
A;RO;RO31;SPEC_PURP_ROAD_VEH;2013;4400;;
A;RO;RO31;SPEC_PURP_ROAD_VEH;2014;4639;;
A;RO;RO31;SPEC_PURP_ROAD_VEH;2015;4832;;
A;RO;RO31;SPEC_PURP_ROAD_VEH;2016;4998;;
A;RO;RO31;SPEC_PURP_ROAD_VEH;2017;4998;;
A;RO;RO32;SPEC_PURP_ROAD_VEH;2013;10800;;
A;RO;RO32;SPEC_PURP_ROAD_VEH;2014;10748;;
A;RO;RO32;SPEC_PURP_ROAD_VEH;2015;10974;;
A;RO;RO32;SPEC_PURP_ROAD_VEH;2016;11182;;
A;RO;RO32;SPEC_PURP_ROAD_VEH;2017;11182;;
A;RO;RO4;SPEC_PURP_ROAD_VEH;2013;4700;;
A;RO;RO4;SPEC_PURP_ROAD_VEH;2014;4993;;
A;RO;RO4;SPEC_PURP_ROAD_VEH;2015;5198;;
A;RO;RO4;SPEC_PURP_ROAD_VEH;2016;5468;;
A;RO;RO4;SPEC_PURP_ROAD_VEH;2017;5468;;
A;RO;RO41;SPEC_PURP_ROAD_VEH;2013;2300;;
A;RO;RO41;SPEC_PURP_ROAD_VEH;2014;2450;;
A;RO;RO41;SPEC_PURP_ROAD_VEH;2015;2572;;
A;RO;RO41;SPEC_PURP_ROAD_VEH;2016;2710;;
A;RO;RO41;SPEC_PURP_ROAD_VEH;2017;2710;;
A;RO;RO42;SPEC_PURP_ROAD_VEH;2013;2400;;
A;RO;RO42;SPEC_PURP_ROAD_VEH;2014;2543;;
A;RO;RO42;SPEC_PURP_ROAD_VEH;2015;2626;;
A;RO;RO42;SPEC_PURP_ROAD_VEH;2016;2758;;
A;RO;RO42;SPEC_PURP_ROAD_VEH;2017;;;
